exchange,symbol,entry_utc,exit_utc,side,entry_price,exit_price,margin_usd,leverage,pnl_usd,pnl_pct_on_margin,exit_reason
OKX,BICO/USDT:USDT,2026-08-03T03:01:05,2026-08-03T03:31:24,short,0.016340923044168,0.015977214028568,93.86,9,17.9565,19.131,ais0_2_origin_exit
OKX,HOME/USDT:USDT,2026-08-04T03:26:19,2026-08-04T03:56:59,short,0.007445866666667,0.007279336796537,95.65,9,18.3838,19.22,ais0_2_origin_exit
OKX,AXTI/USDT:USDT,2026-08-04T11:21:09,2026-08-04T11:24:21,short,72.63973466003317,68.80398839137645,97.49,9,45.4062,46.575,ais0_2_origin_exit
OKX,AXTI/USDT:USDT,2026-08-04T13:31:08,2026-08-04T13:47:34,short,61.96293957909029,60.37744059742023,102.03,9,22.4534,22.007,ais0_2_origin_exit
OKX,HOME/USDT:USDT,2026-08-04T14:28:00,2026-08-04T14:58:08,short,0.010530859392577,0.011045505061868,104.28,9,-46.7111,-44.794,ais0_2_origin_exit
OKX,UB/USDT:USDT,2026-08-04T16:26:01,2026-08-04T16:29:44,short,0.16713,0.1549,99.61,9,63.9656,64.216,ais0_2_origin_exit
OKX,UB/USDT:USDT,2026-08-04T17:19:01,2026-08-04T17:49:50,short,0.144488615384616,0.142886615384616,106.0,9,9.479,8.943,ais0_2_origin_exit
OKX,UB/USDT:USDT,2026-08-04T18:50:00,2026-08-04T19:20:55,short,0.138278695652174,0.135269130434783,106.95,9,19.8223,18.534,ais0_2_origin_exit
OKX,ALAB/USDT:USDT,2026-08-04T20:32:01,2026-08-04T20:45:01,short,357.56498168498166,336.3624175824176,108.93,9,56.9358,52.268,ais0_2_origin_exit
OKX,BICO/USDT:USDT,2026-08-04T23:51:05,2026-08-05T00:10:13,short,0.021640868990133,0.020554075582617,114.63,9,50.4632,44.023,ais0_2_origin_exit
OKX,UB/USDT:USDT,2026-08-05T05:19:05,2026-08-05T05:25:25,short,0.1346565,0.12904025,119.67,9,43.8752,36.664,ais0_2_origin_exit
OKX,UB/USDT:USDT,2026-08-05T11:34:06,2026-08-05T11:44:21,short,0.137038024691358,0.14746,124.06,9,-123.8892,-99.862,exchange_closed
OKX,UB/USDT:USDT,2026-08-05T12:12:04,2026-08-05T12:23:41,short,0.135008108108108,0.120960945945946,111.67,9,103.0019,92.238,ais0_2_origin_exit
OKX,UB/USDT:USDT,2026-08-05T12:57:06,2026-08-05T13:27:44,short,0.120512857142858,0.125245714285715,121.97,9,-44.1872,-36.228,ais0_2_origin_exit
OKX,MVLL/USDT:USDT,2026-08-05T14:32:04,2026-08-05T15:02:50,short,25.958230958230963,26.330000000000002,117.55,9,-16.1951,-13.777,ais0_2_origin_exit
OKX,SNXX/USDT:USDT,2026-08-05T14:38:04,2026-08-05T15:08:50,short,11.85,12.29,118.43,9,-40.6863,-34.355,ais0_2_origin_exit
OKX,BICO/USDT:USDT,2026-08-05T21:36:05,2026-08-05T22:06:10,short,0.026936154629233,0.027514310169311,111.86,9,-22.5977,-20.202,ais0_2_origin_exit
OKX,BEAT/USDT:USDT,2026-08-06T10:19:03,2026-08-06T10:49:54,short,1.684231965811966,1.736774529914531,109.6,9,-31.738,-28.958,ais0_2_origin_exit
OKX,HOME/USDT:USDT,2026-08-06T12:10:05,2026-08-06T12:41:00,short,0.009988400417102,0.009980182481752,106.43,9,-0.1694,-0.159,ais0_2_origin_exit
OKX,BEAT/USDT:USDT,2026-08-06T15:19:04,2026-08-06T15:49:10,short,1.973694639175258,2.021469896907217,106.41,9,-24.1398,-22.686,ais0_2_origin_exit
OKX,FLNC/USDT:USDT,2026-08-06T15:37:04,2026-08-06T16:07:12,short,13.719758865248227,13.757489361702127,107.63,9,-3.6286,-3.371,ais0_2_origin_exit
OKX,SNXX/USDT:USDT,2026-08-06T16:24:06,2026-08-06T16:54:16,short,10.042586206896551,10.34,103.64,9,-28.5458,-27.543,ais0_2_origin_exit
OKX,BICO/USDT:USDT,2026-08-06T17:05:13,2026-08-06T17:33:59,short,0.038273024569523,0.036143666541891,249.93,9,122.9598,49.197,manual_close
OKX,AAOI/USDT:USDT,2026-08-06T20:16:06,2026-08-06T20:26:04,short,124.20940813810111,115.648532675709,113.08,9,68.4561,60.538,ais0_2_target
OKX,BSB/USDT:USDT,2026-08-07T03:27:05,2026-08-07T03:57:57,short,0.162813444108762,0.161194259818731,119.92,9,9.6465,8.044,ais0_2_timeout
OKX,BICO/USDT:USDT,2026-08-08T02:31:05,2026-08-08T02:38:36,short,0.054426287204969,0.05757,120.89,9,-122.2509,-101.126,exchange_closed
OKX,BSB/USDT:USDT,2026-08-08T03:59:03,2026-08-08T04:29:11,short,0.170005430711611,0.170979026217229,101.15,9,-6.064,-5.995,ais0_2_timeout
OKX,BEAT/USDT:USDT,2026-08-09T03:58:05,2026-08-09T04:28:04,short,2.81690321637427,2.895318421052632,107.04,9,-27.8894,-26.055,ais0_2_timeout
OKX,RLS/USDT:USDT,2026-08-09T04:36:04,2026-08-09T05:06:04,short,0.001957608686574,0.001931607224891,104.25,9,11.5208,11.051,ais0_2_timeout
Bybit,BLUAIUSDT,2026-08-09T05:48:08,2026-08-09T06:18:13,short,0.02227271,0.02327196,104.83,9,-44.6919,-42.633,stop
Bybit,IOTXUSDT,2026-08-09T07:00:08,2026-08-09T07:30:01,short,0.00327572,0.003456,50.18,9,-25.2707,-50.36,stop
Bybit,BLUAIUSDT,2026-08-09T07:15:07,2026-08-09T07:15:53,short,0.02007898,0.01937506,50.17,9,14.8157,29.531,target
OKX,MUBARAK/USDT:USDT,2026-08-09T07:17:03,2026-08-09T07:47:03,short,0.01735756639248,0.017936445358403,164.67,9,-50.7644,-30.828,ais0_2_timeout
OKX,BICO/USDT:USDT,2026-08-09T07:17:04,2026-08-09T07:20:22,short,0.069583557110889,0.07339,163.97,9,-80.1873,-48.904,ais0_2_stop_position_missing
Bybit,MUBARAKUSDT,2026-08-09T07:17:08,2026-08-09T07:47:10,short,0.01721142,0.01795517,50.91,9,-20.1366,-39.553,timeout
Bybit,BROCCOLIUSDT,2026-08-09T07:21:08,2026-08-09T07:51:09,short,0.01654552,0.01711634,50.9,9,-16.6678,-32.746,timeout
Bybit,CYSUSDT,2026-08-09T07:21:09,2026-08-09T07:29:15,short,0.80908102,0.84529333,50.87,9,-21.6403,-42.54,stop
Bybit,INXUSDT,2026-08-09T07:54:01,2026-08-09T08:24:04,short,0.00754707,0.0078789,46.74,9,-18.9412,-40.525,timeout
OKX,BICO/USDT:USDT,2026-08-09T08:01:04,2026-08-09T08:01:42,short,0.063887942664419,0.06817,180.96,9,-108.2934,-59.844,merged_with_manual_corrected
Bybit,BLUAIUSDT,2026-08-09T08:22:01,2026-08-09T08:23:50,short,0.01876923,0.01742603,46.73,9,29.2481,62.59,target
Bybit,JCTUSDT,2026-08-09T08:54:01,2026-08-09T09:24:02,short,0.00367888,0.00355952,47.25,9,12.8554,27.207,timeout
Bybit,APRUSDT,2026-08-09T09:00:01,2026-08-09T09:30:03,short,0.2000276,0.20008324,47.23,9,-1.053,-2.23,timeout
Bybit,IOTXUSDT,2026-08-09T09:00:02,2026-08-09T09:30:04,short,0.00306396,0.00313764,47.23,9,-10.7755,-22.815,timeout
OKX,APR/USDT:USDT,2026-08-09T09:00:04,2026-08-09T09:30:03,short,0.200279286536249,0.200442347525893,193.49,9,-3.1581,-1.632,ais0_2_timeout
Bybit,BLESSUSDT,2026-08-09T09:01:01,2026-08-09T09:31:02,short,0.013152,0.01313284,47.19,9,-0.3143,-0.666,timeout
OKX,BICO/USDT:USDT,2026-08-09T09:28:04,2026-08-09T09:30:05,short,0.051239316068277,0.04888,96.6,9,35.8195,37.08,ais0_2_target_position_missing
Bybit,MUBARAKUSDT,2026-08-09T09:49:01,2026-08-09T10:19:02,short,0.01895941,0.01938,47.29,9,-9.8847,-20.902,timeout
OKX,MUBARAK/USDT:USDT,2026-08-09T09:49:03,2026-08-09T10:19:03,short,0.018993584946237,0.019398582795699,98.38,9,-19.725,-20.05,ais0_2_timeout
Bybit,CYSUSDT,2026-08-09T11:24:01,2026-08-09T11:54:02,short,0.94880473,0.95759302,46.79,9,-4.8331,-10.329,timeout
Bybit,DYMUSDT,2026-08-09T11:50:01,2026-08-09T12:20:04,short,0.01625408,0.01554937,46.77,9,17.6168,37.667,timeout
Bybit,COOKIEUSDT,2026-08-09T12:20:01,2026-08-09T12:50:04,short,0.01313111,0.01335458,46.53,9,-7.5626,-16.253,timeout
Bybit,XANUSDT,2026-08-09T12:37:01,2026-08-09T12:50:13,short,0.01893365,0.01817876,47.42,9,16.614,35.036,target
Bybit,CYSUSDT,2026-08-09T13:23:01,2026-08-09T13:53:03,short,0.92785508,0.95014924,47.89,9,-11.2787,-23.551,timeout
Bybit,BANKUSDT,2026-08-09T13:39:01,2026-08-09T14:09:03,short,0.04236683,0.042791,47.86,9,-5.2717,-11.015,timeout
OKX,BICO/USDT:USDT,2026-08-09T14:27:05,2026-08-09T14:29:27,short,0.046013351538501,0.04305,105.0,9,59.6511,56.811,ais0_2_target_position_missing
Bybit,BROCCOLIUSDT,2026-08-09T14:28:01,2026-08-09T14:58:02,short,0.019429,0.0193696,47.06,9,0.3651,0.776,timeout
Bybit,THEUSDT,2026-08-09T14:28:02,2026-08-09T14:58:05,short,0.06237389,0.06171228,47.06,9,4.0242,8.551,timeout
Bybit,SHELLUSDT,2026-08-09T14:46:01,2026-08-09T14:54:18,short,0.02305502,0.02217895,47.02,9,15.5793,33.133,target
OKX,SHELL/USDT:USDT,2026-08-09T14:46:04,2026-08-09T14:54:18,short,0.023051553652153,0.02231,107.98,9,34.5554,32.002,exchange_closed
Bybit,SHELLUSDT,2026-08-09T15:44:01,2026-08-09T16:14:02,short,0.02085068,0.02089373,48.06,9,-1.3448,-2.798,timeout
OKX,SHELL/USDT:USDT,2026-08-09T15:44:04,2026-08-09T16:14:04,short,0.020988690831557,0.0209,108.98,9,3.2255,2.96,ais0_2_timeout
Bybit,USUSDT,2026-08-09T17:19:01,2026-08-09T17:21:31,short,0.04125194,0.03897782,47.99,9,21.9024,45.64,target
Bybit,USUSDT,2026-08-09T17:57:01,2026-08-09T18:27:03,short,0.04488678,0.0451795,49.09,9,-3.8513,-7.845,timeout
Bybit,EPICUSDT,2026-08-09T18:24:01,2026-08-09T18:26:49,short,0.98644385,0.93967204,49.06,9,19.9599,40.685,target
Bybit,EPICUSDT,2026-08-09T19:00:06,2026-08-09T19:02:31,short,0.55637541,0.60894281,49.89,9,-42.2717,-84.73,stop
Bybit,EPICUSDT,2026-08-09T20:06:01,2026-08-09T20:16:18,short,0.56617196,0.60513757,47.78,9,-30.4321,-63.692,stop
Bybit,EPICUSDT,2026-08-09T21:42:01,2026-08-09T22:12:04,short,0.56198092,0.55507226,46.26,9,4.1974,9.074,timeout
Bybit,CYSUSDT,2026-08-09T23:51:01,2026-08-09T23:51:04,short,1.0387,0.99014913,46.47,9,18.4813,39.77,target
Bybit,XANUSDT,2026-08-10T01:16:01,2026-08-10T01:46:04,short,0.02029494,0.02085497,47.39,9,-12.2149,-25.775,timeout
Bybit,MUBARAKUSDT,2026-08-10T01:54:01,2026-08-10T01:59:01,short,0.02560566,0.024276,46.78,9,21.3903,45.725,target
OKX,MUBARAK/USDT:USDT,2026-08-10T01:54:03,2026-08-10T01:58:59,short,0.025397880546076,0.02455,83.49,9,32.8162,39.306,exchange_closed
Bybit,CYSUSDT,2026-08-10T02:12:01,2026-08-10T02:38:52,short,0.98775945,1.04017927,47.85,9,-23.7183,-49.568,stop
Bybit,XANUSDT,2026-08-10T02:37:01,2026-08-10T02:37:11,short,0.01151988,0.01205666,47.82,9,-20.6631,-43.21,exchange_closed
Bybit,XPINUSDT,2026-08-10T03:10:01,2026-08-10T03:40:02,short,0.0017307,0.00169614,45.63,9,7.3017,16.002,timeout
Bybit,C98USDT,2026-08-10T04:03:01,2026-08-10T04:33:02,short,0.01689697,0.01713567,45.99,9,-6.3166,-13.735,timeout
Bybit,BLUAIUSDT,2026-08-10T06:01:01,2026-08-10T06:05:36,short,0.01469151,0.01535832,45.68,9,-19.6451,-43.006,stop
Bybit,ACTUSDT,2026-08-10T08:24:01,2026-08-10T08:54:02,short,0.01198616,0.01232379,44.7,9,-11.7798,-26.353,timeout
OKX,ACT/USDT:USDT,2026-08-10T08:24:03,2026-08-10T08:54:03,short,0.012002343460422,0.012344978639375,86.7,9,-23.0885,-26.63,ais0_2_timeout
Bybit,EPICUSDT,2026-08-10T09:14:01,2026-08-10T09:44:02,short,0.50426841,0.49990217,44.11,9,2.5604,5.805,timeout
OKX,BICO/USDT:USDT,2026-08-10T10:42:09,2026-08-10T11:12:08,short,0.042141426650809,0.042152786079942,90.53,9,-2.605,-2.878,ais0_2_timeout
Bybit,SQDUSDT,2026-08-10T12:01:01,2026-08-10T12:04:06,short,0.04175153,0.03959837,44.24,9,20.1691,45.59,target
Bybit,GUNUSDT,2026-08-10T12:02:01,2026-08-10T12:32:02,short,0.003558,0.00349087,44.22,9,7.058,15.961,timeout
Bybit,VELODROMEUSDT,2026-08-10T13:03:01,2026-08-10T13:33:02,short,0.01801036,0.01766495,45.6,9,7.3939,16.215,timeout
OKX,MVLL/USDT:USDT,2026-08-10T13:40:03,2026-08-10T14:10:02,short,26.97676056338028,27.32588028169014,85.36,9,-10.6861,-12.519,ais0_2_timeout
Bybit,SQDUSDT,2026-08-10T14:17:01,2026-08-10T14:47:02,short,0.04083638,0.04201547,45.97,9,-12.369,-26.907,timeout
Bybit,ROBOUSDT,2026-08-10T14:53:01,2026-08-10T15:13:11,short,0.0152415,0.01431516,45.35,9,24.3628,53.722,target
OKX,ROBO/USDT:USDT,2026-08-10T14:55:05,2026-08-10T15:06:24,short,0.01519,0.01446,72.5,9,28.8966,39.857,ais0_2_target_position_missing
Bybit,BEATUSDT,2026-08-10T16:13:01,2026-08-10T16:13:15,short,1.97632667,1.913,46.57,9,12.4002,26.627,target
OKX,BEAT/USDT:USDT,2026-08-10T16:44:03,2026-08-10T16:56:12,short,1.962787124463519,1.8944,102.28,9,41.5998,40.673,exchange_closed
Bybit,BEATUSDT,2026-08-10T16:44:05,2026-08-10T16:56:05,short,1.96397163,1.88563675,47.19,9,15.9316,33.76,target
Bybit,CLOUSDT,2026-08-10T17:28:01,2026-08-10T17:58:04,short,0.10203622,0.09960764,47.98,9,9.3699,19.529,timeout
Bybit,HFTUSDT,2026-08-10T18:04:01,2026-08-10T18:34:03,short,0.00906478,0.00916925,48.45,9,-5.5102,-11.373,timeout
OKX,BSP/USDT:USDT,2026-08-10T19:50:02,2026-08-10T20:20:02,short,51.534438202247195,51.462303370786515,102.09,9,0.3673,0.36,ais0_2_timeout
Bybit,BEATUSDT,2026-08-10T21:20:01,2026-08-10T21:22:04,short,1.63106629,1.5439769,48.18,9,22.0696,45.806,target
OKX,BEAT/USDT:USDT,2026-08-10T21:20:02,2026-08-10T21:22:03,short,1.631927321428572,1.5402,102.11,9,47.5205,46.539,ais0_2_target_position_missing
OKX,HIMS/USDT:USDT,2026-08-10T21:42:05,2026-08-10T22:12:06,short,29.61,29.791640378548895,104.48,9,-6.6995,-6.412,ais0_2_timeout
Bybit,BLUAIUSDT,2026-08-10T22:09:01,2026-08-10T22:09:29,short,0.0266905,0.02545672,49.28,9,19.3758,39.318,target
Bybit,BEATUSDT,2026-08-10T23:05:01,2026-08-10T23:35:04,short,1.56963854,1.64090764,50.25,9,-21.5426,-42.871,target
OKX,BEAT/USDT:USDT,2026-08-10T23:05:03,2026-08-10T23:35:03,short,1.563079831932773,1.640929411764707,104.14,9,-47.2737,-45.394,ais0_2_timeout
Bybit,SQDUSDT,2026-08-10T23:22:01,2026-08-10T23:52:03,short,0.04525613,0.04453976,50.22,9,6.6353,13.212,timeout
Bybit,BEATUSDT,2026-08-11T00:37:01,2026-08-11T01:04:24,short,1.51608942,1.3704,49.5,9,41.7567,84.357,target
OKX,BEAT/USDT:USDT,2026-08-11T00:37:02,2026-08-11T01:04:27,short,1.517959468438539,1.3703,101.78,9,91.3945,89.796,ais0_2_target_position_missing
Bybit,BLUAIUSDT,2026-08-11T02:10:01,2026-08-11T02:11:41,short,0.02980095,0.02823748,51.59,9,23.2444,45.056,target
Bybit,BLESSUSDT,2026-08-11T03:41:01,2026-08-11T04:11:04,short,0.01300619,0.01284114,52.75,9,5.012,9.501,timeout
Bybit,BLUAIUSDT,2026-08-11T03:43:06,2026-08-11T03:45:25,short,0.02795065,0.02934366,52.73,9,-24.7817,-46.997,stop
OKX,BICO/USDT:USDT,2026-08-11T05:02:05,2026-08-11T05:32:05,short,0.046743878177262,0.046559512095331,102.05,9,2.6927,2.639,ais0_2_timeout
Bybit,BTRUSDT,2026-08-11T05:06:01,2026-08-11T05:10:06,short,0.02867112,0.03077405,51.76,9,-34.9858,-67.592,stop
Bybit,BTRUSDT,2026-08-11T06:17:01,2026-08-11T06:17:42,short,0.03007,0.02881,50.01,9,17.8962,35.785,target
OKX,BEAT/USDT:USDT,2026-08-11T06:31:05,2026-08-11T06:46:36,short,1.26677081604426,1.2157,102.19,9,34.6992,33.956,ais0_2_target_position_missing
Bybit,BEATUSDT,2026-08-11T06:32:01,2026-08-11T06:46:36,short,1.25772917,1.21647917,50.91,9,13.8702,27.245,target
Bybit,ZESTUSDT,2026-08-11T06:53:01,2026-08-11T07:23:03,short,0.16489658,0.16445413,51.6,9,0.2249,0.436,timeout
Bybit,BLUAIUSDT,2026-08-11T07:23:01,2026-08-11T07:32:06,short,0.02768291,0.02644748,51.58,9,19.6962,38.186,target
Bybit,BEATUSDT,2026-08-11T09:43:01,2026-08-11T10:13:03,short,1.02208658,1.02025542,52.6,9,-0.1919,-0.365,target
OKX,BEAT/USDT:USDT,2026-08-11T09:44:03,2026-08-11T10:14:02,short,1.0211,1.002741639344262,103.92,9,-22.9104,-22.046,ais0_2_timeout
Bybit,CAPUSDT,2026-08-11T11:40:01,2026-08-11T11:58:08,short,0.04661517,0.04862025,52.59,9,-21.4148,-40.72,stop
Bybit,MITOUSDT,2026-08-11T11:56:01,2026-08-11T12:13:34,short,0.03048245,0.02892363,52.56,9,23.1322,44.011,target
Bybit,INXUSDT,2026-08-11T13:45:01,2026-08-11T14:15:04,short,0.00997726,0.01027524,52.68,9,-14.683,-27.872,timeout
Bybit,SQDUSDT,2026-08-11T15:12:01,2026-08-11T15:42:04,short,0.04984361,0.04910271,51.94,9,6.4357,12.391,timeout
Bybit,BEATUSDT,2026-08-11T15:36:01,2026-08-11T15:46:52,short,0.92706759,0.874,51.93,9,25.6965,49.483,target
OKX,BEAT/USDT:USDT,2026-08-11T15:36:04,2026-08-11T15:46:52,short,0.926118762278979,0.8686,105.01,9,53.6295,51.071,ais0_2_target_position_missing
Bybit,BLUAIUSDT,2026-08-11T16:39:01,2026-08-11T16:39:56,short,0.01196881,0.01254983,53.55,9,-24.6416,-46.016,stop
Bybit,INXUSDT,2026-08-11T16:54:01,2026-08-11T16:57:53,short,0.011169,0.01166051,52.32,9,-21.3724,-40.849,stop
Bybit,COOKIEUSDT,2026-08-11T17:04:01,2026-08-11T17:11:17,short,0.01422059,0.01364939,51.25,9,18.0115,35.144,target
Bybit,BEATUSDT,2026-08-11T17:11:01,2026-08-11T17:20:24,short,0.96767857,0.928,51.23,9,17.8944,34.93,target
OKX,LUNA/USDT:USDT,2026-08-11T17:11:06,2026-08-11T17:41:05,short,0.048950851767299,0.04828616074943,69.08,9,7.826,11.329,ais0_2_timeout
Bybit,LUNA2USDT,2026-08-11T17:24:01,2026-08-11T17:54:04,short,0.04877781,0.04848366,53.04,9,2.3517,4.434,timeout
Bybit,CYSUSDT,2026-08-11T17:30:01,2026-08-11T17:59:39,short,1.46569877,1.5409,53.03,9,-25.5938,-48.263,stop
Bybit,CYSUSDT,2026-08-11T18:10:01,2026-08-11T18:31:56,short,1.34146556,1.2564,103.76,9,57.0523,54.985,target
Bybit,BLUAIUSDT,2026-08-11T21:12:01,2026-08-11T21:42:02,short,0.01276234,0.01276713,109.47,9,-2.5416,-2.322,stop
Bybit,BEATUSDT,2026-08-11T21:14:01,2026-08-11T21:16:59,short,1.04722553,1.00594043,109.36,9,36.685,33.545,target
Bybit,LSKUSDT,2026-08-11T22:43:01,2026-08-11T23:02:14,short,0.08897783,0.08255334,112.88,9,72.241,63.998,target
Bybit,CYSUSDT,2026-08-12T03:50:01,2026-08-12T04:13:01,short,1.13412269,1.0591,119.27,9,68.5232,57.452,target
Bybit,CYSUSDT,2026-08-12T06:16:07,2026-08-12T06:17:02,short,1.1515,1.1451416,15.23,9,0.433,2.843,target
Bybit,FHEUSDT,2026-08-12T07:33:01,2026-08-12T08:03:03,short,0.02803186,0.02711317,116.11,9,32.2719,27.794,timeout
Bybit,BEATUSDT,2026-08-12T07:37:06,2026-08-12T07:41:57,short,1.164,1.133,13.69,9,2.9612,21.631,target
Bybit,USUSDT,2026-08-12T08:44:01,2026-08-12T09:14:04,short,0.03163483,0.03134733,142.43,9,8.8425,6.208,timeout
Bybit,BEATUSDT,2026-08-12T09:35:01,2026-08-12T10:04:20,short,1.23830937,1.16289809,151.21,9,79.9742,52.889,target
Bybit,ACEUSDT,2026-08-12T10:54:01,2026-08-12T11:24:03,short,0.1136492,0.1137547,225.2,9,-4.112,-1.826,timeout
Bybit,SCRTUSDT,2026-08-12T12:01:01,2026-08-12T12:31:04,short,0.02954895,0.03061672,220.31,9,-76.0902,-34.538,timeout
Bybit,MOVRUSDT,2026-08-12T13:05:01,2026-08-12T13:35:04,short,0.95546064,0.94206314,150.65,9,17.5314,11.637,timeout
Bybit,LSKUSDT,2026-08-12T14:16:01,2026-08-12T14:29:25,short,0.09017242,0.086549,167.09,9,58.8087,35.196,target
Bybit,COTIUSDT,2026-08-12T18:15:01,2026-08-12T18:45:02,short,0.0124855,0.0127025,222.23,9,-36.9815,-16.641,timeout
Bybit,APRUSDT,2026-08-13T00:41:01,2026-08-13T00:45:30,short,0.56740148,0.54938369,187.05,9,49.8139,26.631,target
Bybit,APRUSDT,2026-08-13T03:27:01,2026-08-13T03:30:11,short,0.49052449,0.45113753,232.56,9,163.6443,70.366,target
Bybit,TRUSTUSDT,2026-08-13T04:02:01,2026-08-13T04:32:03,short,0.05743851,0.05624383,299.0,9,50.112,16.76,timeout
Bybit,STEEMUSDT,2026-08-13T05:42:01,2026-08-13T06:12:04,short,0.03568564,0.03443431,299.04,9,91.4649,30.586,timeout
Bybit,ACUUSDT,2026-08-13T06:33:01,2026-08-13T06:43:28,short,0.11853874,0.12584653,297.28,9,-171.0117,-57.525,stop
Bybit,BLUAIUSDT,2026-08-13T06:39:07,2026-08-13T07:09:10,short,0.01243248,0.0119803,227.38,9,70.0105,30.79,timeout
Bybit,USUSDT,2026-08-13T07:18:01,2026-08-13T07:41:05,short,0.02415215,0.02278842,297.18,9,145.302,48.894,target
Bybit,ATUSDT,2026-08-13T07:46:01,2026-08-13T08:16:03,short,0.16036264,0.15802073,298.61,9,33.5106,11.222,timeout
Bybit,USUSDT,2026-08-13T10:09:01,2026-08-13T10:39:04,short,0.02123135,0.02037679,299.03,9,102.5221,34.285,target
Bybit,AVNTUSDT,2026-08-13T10:23:01,2026-08-13T10:53:02,short,0.09780086,0.09797239,298.99,9,-10.6444,-3.56,timeout
Bybit,CYSUSDT,2026-08-13T11:25:01,2026-08-13T11:55:04,short,1.32716575,1.33806856,299.2,9,-28.0703,-9.382,timeout
Bybit,AKEUSDT,2026-08-13T12:31:01,2026-08-13T12:36:43,short,0.00494395,0.00528042,299.05,9,-189.2971,-63.299,stop
Bybit,USUSDT,2026-08-13T13:17:01,2026-08-13T13:31:05,short,0.02698525,0.02507898,296.96,9,183.1252,61.667,exchange_closed
Bybit,USUSDT,2026-08-13T14:11:01,2026-08-13T14:18:41,short,0.02359326,0.0227835,298.51,9,86.3989,28.943,target
Bybit,CYSUSDT,2026-08-13T16:49:01,2026-08-13T17:19:04,short,1.17202371,1.18550449,299.39,9,-36.9543,-12.343,timeout
Bybit,AKEUSDT,2026-08-13T21:12:01,2026-08-13T21:16:36,short,0.00698559,0.00733881,300.23,9,-142.7194,-47.537,stop
Bybit,EDENUSDT,2026-08-14T00:18:01,2026-08-14T00:28:31,short,0.06996495,0.07422337,299.2,9,-166.9503,-55.799,stop
Bybit,CYSUSDT,2026-08-14T01:38:01,2026-08-14T02:07:28,short,1.12497741,1.06922093,298.74,9,127.4895,42.676,target
Bybit,VINEUSDT,2026-08-14T03:50:01,2026-08-14T04:17:30,short,0.00652665,0.00696805,239.31,9,-148.0007,-61.845,stop
Bybit,APRUSDT,2026-08-14T04:31:01,2026-08-14T04:35:44,short,0.50083295,0.47995827,299.44,9,106.5213,35.574,target
Bybit,USUSDT,2026-08-14T04:54:01,2026-08-14T05:06:15,short,0.02271786,0.02079867,298.51,9,221.3034,74.136,target
Bybit,APRUSDT,2026-08-14T05:01:06,2026-08-14T05:17:40,short,0.46299215,0.42077325,299.56,9,240.1799,80.178,target
Bybit,CYSUSDT,2026-08-14T06:10:01,2026-08-14T06:40:03,short,1.0500745,1.04357981,299.27,9,10.7517,3.593,target
Bybit,AVAAIUSDT,2026-08-14T07:35:01,2026-08-14T08:05:03,short,0.01407592,0.01384237,299.34,9,42.3618,14.152,timeout
Bybit,CYSUSDT,2026-08-14T07:40:06,2026-08-14T08:10:07,short,1.09245045,1.10513671,296.66,9,-36.7811,-12.398,timeout
Bybit,ACEUSDT,2026-08-14T11:15:01,2026-08-14T11:19:10,short,0.21059166,0.22380584,299.01,9,-171.9117,-57.494,stop
Bybit,CYSUSDT,2026-08-14T11:33:01,2026-08-14T11:35:36,short,0.98428321,1.03189515,299.66,9,-136.5335,-45.563,stop
Bybit,AKEUSDT,2026-08-14T12:32:01,2026-08-14T12:40:12,short,0.0106889,0.01083832,299.65,9,-43.6725,-14.575,bail
Bybit,CROSSUSDT,2026-08-14T14:16:01,2026-08-14T14:21:03,short,0.12854008,0.13374146,298.46,9,-114.7223,-38.438,bail
Bybit,AKEUSDT,2026-08-14T14:25:01,2026-08-14T14:55:04,short,0.01102253,0.01137299,298.59,9,-91.4473,-30.626,timeout
Bybit,ACEUSDT,2026-08-14T15:31:01,2026-08-14T15:42:32,short,0.26126632,0.27998446,298.07,9,-195.2488,-65.504,stop
Bybit,RVNUSDT,2026-08-14T16:01:01,2026-08-14T16:31:03,short,0.00271254,0.00271193,224.7,9,-1.7663,-0.786,timeout
Bybit,CAPUSDT,2026-08-14T16:31:06,2026-08-14T16:33:18,short,0.05436306,0.05727756,221.86,9,-111.5599,-50.284,stop
Bybit,CYSUSDT,2026-08-14T20:54:01,2026-08-14T21:00:37,short,1.32951448,1.27346667,77.56,9,27.9219,36.0,target
Bybit,ACEUSDT,2026-08-15T00:24:01,2026-08-15T00:26:29,short,0.23689775,0.22401784,85.87,9,41.1924,47.971,target
Bybit,ACEUSDT,2026-08-15T01:55:01,2026-08-15T02:25:03,short,0.19465137,0.1919417,100.6,9,11.6153,11.546,timeout
Bybit,ROBOUSDT,2026-08-15T02:31:01,2026-08-15T02:31:09,short,0.01806181,0.01739976,104.36,9,33.4124,32.016,target
Bybit,ACEUSDT,2026-08-15T04:45:01,2026-08-15T04:50:03,short,0.2102504,0.21792799,115.01,9,-38.9585,-33.874,bail
Bybit,USUSDT,2026-08-15T05:05:01,2026-08-15T05:19:10,short,0.01541328,0.0163493,102.55,9,-58.1407,-56.695,stop
Bybit,APRUSDT,2026-08-15T05:15:01,2026-08-15T05:16:39,short,0.25430344,0.23987424,101.89,9,50.0715,49.143,target
Bybit,ROBOUSDT,2026-08-15T05:25:01,2026-08-15T05:55:04,short,0.01971205,0.0198386,99.9,9,-6.764,-6.771,target
Bybit,ACEUSDT,2026-08-15T05:55:01,2026-08-15T05:57:28,short,0.28817107,0.27370132,98.07,9,43.3715,44.225,target
Bybit,BEATUSDT,2026-08-15T05:56:01,2026-08-15T06:01:03,short,0.621,0.64970447,97.36,9,-42.4743,-43.626,bail
Bybit,BEATUSDT,2026-08-15T06:28:01,2026-08-15T06:58:04,short,0.583,0.581,97.94,9,1.088,1.111,timeout
Bybit,ALICEUSDT,2026-08-15T06:45:01,2026-08-15T07:15:04,short,0.13316698,0.13681212,97.73,9,-25.0561,-25.638,timeout
Bybit,ONGUSDT,2026-08-15T07:58:01,2026-08-15T08:28:06,short,0.04557018,0.0458059,90.08,9,-5.9494,-6.605,timeout
Bybit,APRUSDT,2026-08-15T08:33:01,2026-08-15T08:38:04,short,0.18660108,0.19452757,87.99,9,-35.4193,-40.254,bail
Bybit,ROBOUSDT,2026-08-15T08:42:01,2026-08-15T08:43:39,short,0.01846221,0.01772261,76.23,9,26.7443,35.084,target
Bybit,ACEUSDT,2026-08-15T09:04:01,2026-08-15T09:34:03,short,0.20136016,0.20508451,85.13,9,-15.0217,-17.646,timeout
Bybit,HEMIUSDT,2026-08-15T09:10:01,2026-08-15T09:22:14,short,0.00557531,0.00524592,85.13,9,43.6297,51.251,target
Bybit,BEATUSDT,2026-08-15T09:15:01,2026-08-15T09:45:04,short,0.481,0.48,84.87,9,-0.0907,-0.107,timeout
Bybit,AKEUSDT,2026-08-15T09:44:01,2026-08-15T10:14:04,short,0.01000518,0.01053067,93.6,9,-46.1472,-49.303,timeout
Bybit,ACEUSDT,2026-08-15T10:20:01,2026-08-15T10:25:05,short,0.19324061,0.20139276,79.45,9,-30.9677,-38.978,bail
Bybit,COWUSDT,2026-08-15T10:32:01,2026-08-15T10:53:09,short,0.14724151,0.15672,68.79,9,-40.56,-58.962,stop
Bybit,BEATUSDT,2026-08-15T11:22:01,2026-08-15T11:52:02,short,0.467,0.463,55.47,9,3.1824,5.737,timeout
Bybit,ACEUSDT,2026-08-15T12:04:01,2026-08-15T12:18:19,short,0.19868978,0.1906068,56.75,9,20.2277,35.644,target
Bybit,RAREUSDT,2026-08-15T12:29:01,2026-08-15T12:59:02,short,0.01186675,0.01199061,63.31,9,-6.5771,-10.389,timeout
Bybit,COWUSDT,2026-08-15T13:17:01,2026-08-15T13:47:04,short,0.15621034,0.15485091,61.15,9,4.1866,6.846,timeout
Bybit,CYSUSDT,2026-08-15T15:21:01,2026-08-15T15:25:15,short,1.6571568,1.58787841,62.24,9,22.2096,35.684,target
Bybit,PORTALUSDT,2026-08-15T16:22:01,2026-08-15T16:25:06,short,0.01188632,0.01114946,69.91,9,38.3344,54.834,target
OKX,BOME/USDT:USDT,2026-08-15T18:13:04,2026-08-15T18:43:03,short,0.00084291975968,0.000870489986649,70.25,9,-21.2918,-30.309,ais0_2_timeout
Bybit,CYSUSDT,2026-08-15T18:52:01,2026-08-15T19:05:59,short,1.02375436,0.97581411,82.24,9,33.0705,40.212,target
Bybit,HEMIUSDT,2026-08-15T19:14:01,2026-08-15T19:44:04,short,0.00692105,0.00680834,93.84,9,11.913,12.695,timeout
Bybit,ZEREBROUSDT,2026-08-15T20:44:01,2026-08-15T21:14:03,short,0.0387152,0.03976968,97.67,9,-24.9222,-25.517,timeout
Bybit,SPORTFUNUSDT,2026-08-15T21:06:01,2026-08-15T21:36:06,short,0.02875563,0.02964087,97.35,9,-28.9303,-29.718,timeout
Bybit,REDUSDT,2026-08-15T21:57:01,2026-08-15T22:07:56,short,0.10600428,0.100952,79.7,9,33.4185,41.93,target
Bybit,SPORTFUNUSDT,2026-08-15T21:59:01,2026-08-15T22:01:56,short,0.0294886,0.03144309,79.42,9,-49.0014,-61.699,stop
Bybit,CYSUSDT,2026-08-15T22:00:01,2026-08-15T22:18:39,short,0.83045093,0.8719049,79.17,9,-37.1742,-46.955,stop
Bybit,CYSUSDT,2026-08-15T23:36:01,2026-08-16T00:06:03,short,0.85443288,0.8544825,62.37,9,0.5871,0.941,timeout
Bybit,APRUSDT,2026-08-16T00:16:01,2026-08-16T00:28:47,short,0.15541115,0.14850109,62.25,9,23.7056,38.081,target
OKX,APR/USDT:USDT,2026-08-16T00:17:04,2026-08-16T00:28:47,short,0.1538,0.1451,68.12,9,25.8506,37.949,ais0_2_target_position_missing
Bybit,BEATUSDT,2026-08-16T00:57:01,2026-08-16T01:06:37,short,0.353,0.338,70.33,9,25.5321,36.303,target
Bybit,ONGUSDT,2026-08-16T01:59:01,2026-08-16T02:29:04,short,0.04783278,0.04922437,78.18,9,-21.2555,-27.188,timeout
Bybit,CYSUSDT,2026-08-16T03:42:02,2026-08-16T03:49:10,short,0.72394468,0.68859491,71.11,9,29.8756,42.013,target
Bybit,XAIUSDT,2026-08-16T06:24:01,2026-08-16T06:54:06,short,0.00700573,0.00700489,81.6,9,-0.7187,-0.881,timeout
Bybit,CYSUSDT,2026-08-16T06:39:01,2026-08-16T07:08:01,short,0.73153896,0.76849491,81.36,9,-38.6446,-47.498,stop
Bybit,AKEUSDT,2026-08-16T07:43:01,2026-08-16T08:13:03,short,0.00962919,0.00983105,68.47,9,-14.2577,-20.823,timeout
Bybit,CYSUSDT,2026-08-16T08:00:01,2026-08-16T08:09:14,short,0.7112206,0.68193021,68.28,9,23.9828,35.124,stop
Bybit,USUSDT,2026-08-16T09:16:01,2026-08-16T09:46:05,short,0.01661664,0.01707064,71.4,9,-18.9887,-26.595,timeout
OKX,BICO/USDT:USDT,2026-08-16T12:17:03,2026-08-16T12:47:03,short,0.023453761637358,0.023688738362642,70.71,9,-6.9984,-9.897,ais0_2_timeout
Bybit,PORTALUSDT,2026-08-16T13:24:01,2026-08-16T13:27:41,short,0.01435051,0.015136,65.41,9,-32.8875,-50.279,stop
Bybit,PORTALUSDT,2026-08-16T15:09:01,2026-08-16T15:38:34,short,0.01426074,0.01361126,54.59,9,21.8479,40.022,target
Bybit,CYSUSDT,2026-08-16T15:41:01,2026-08-16T15:52:09,short,0.74670726,0.7071,61.73,9,28.278,45.809,target
Bybit,DOLOUSDT,2026-08-16T16:14:01,2026-08-16T16:25:47,short,0.02548097,0.02435789,71.1,9,26.8284,37.733,target
Bybit,HFTUSDT,2026-08-16T18:49:01,2026-08-16T18:50:52,short,0.00872115,0.00834496,80.1,9,30.3208,37.854,target
Bybit,APRUSDT,2026-08-16T21:55:01,2026-08-16T22:25:03,short,0.19661186,0.19702442,90.29,9,-3.4947,-3.871,timeout
OKX,APR/USDT:USDT,2026-08-16T21:55:06,2026-08-16T22:25:05,short,0.1971,0.1959,70.01,9,3.2212,4.601,ais0_2_timeout
Bybit,PORTALUSDT,2026-08-16T23:57:02,2026-08-17T00:27:03,short,0.01659705,0.01651981,89.33,9,2.8996,3.246,target
Bybit,SOPHUSDT,2026-08-16T23:58:01,2026-08-17T00:03:55,short,0.00398037,0.00378843,88.84,9,36.0105,40.534,target
OKX,SOPH/USDT:USDT,2026-08-16T23:58:04,2026-08-17T00:06:21,short,0.003944905,0.003757,70.33,9,29.5234,41.978,exchange_closed
Bybit,B3USDT,2026-08-17T01:42:01,2026-08-17T02:12:04,short,0.00041886,0.00042818,101.71,9,-21.3654,-21.006,timeout
Bybit,NESAUSDT,2026-08-17T02:46:01,2026-08-17T02:52:08,short,0.24525369,0.23650434,94.86,9,28.6118,30.162,target
Bybit,PORTALUSDT,2026-08-17T02:47:01,2026-08-17T02:56:57,short,0.01792076,0.01906193,94.56,9,-55.1604,-58.334,stop
Bybit,CYSUSDT,2026-08-17T03:50:01,2026-08-17T04:04:52,short,0.7731412,0.7367049,85.9,9,34.8131,40.528,target
Bybit,ACEUSDT,2026-08-17T04:30:01,2026-08-17T05:00:06,short,0.16034493,0.1591669,97.57,9,5.489,5.626,timeout
Bybit,HUSDT,2026-08-17T06:36:01,2026-08-17T07:06:05,short,0.10732324,0.10966528,99.1,9,-20.454,-20.64,timeout
OKX,H/USDT:USDT,2026-08-17T06:36:10,2026-08-17T07:06:09,short,0.106729787581699,0.109953676470588,73.28,9,-20.3933,-27.829,ais0_2_timeout
Bybit,XPINUSDT,2026-08-17T07:36:01,2026-08-17T08:03:45,short,0.00130626,0.00138981,92.35,9,-53.9972,-58.47,stop
OKX,BSB/USDT:USDT,2026-08-17T09:13:06,2026-08-17T09:43:05,short,0.1285,0.1294,71.24,9,-5.1242,-7.193,ais0_2_timeout
Bybit,BSBUSDT,2026-08-17T09:13:09,2026-08-17T09:43:12,short,0.12851322,0.12956027,74.54,9,-6.9474,-9.32,timeout
Bybit,ACEUSDT,2026-08-17T12:35:01,2026-08-17T13:05:04,short,0.18059417,0.18108223,72.39,9,-2.4782,-3.423,timeout
Bybit,HAEDALUSDT,2026-08-17T14:57:01,2026-08-17T15:27:05,short,0.01678781,0.01665822,71.48,9,3.5561,4.975,timeout
Bybit,FHEUSDT,2026-08-17T17:01:01,2026-08-17T17:27:24,short,0.02869283,0.02664998,72.64,9,45.1572,62.166,target
Bybit,FHEUSDT,2026-08-17T17:36:01,2026-08-17T18:06:03,short,0.02507645,0.02474613,87.7,9,8.6717,9.888,timeout
Bybit,HFTUSDT,2026-08-17T18:00:01,2026-08-17T18:30:05,short,0.00761621,0.00743419,87.52,9,17.9683,20.531,timeout
OKX,BEAT/USDT:USDT,2026-08-17T20:36:07,2026-08-17T21:06:06,short,0.2759,0.273948705882353,39.03,9,2.1374,5.476,ais0_2_timeout
Bybit,BEATUSDT,2026-08-17T20:37:01,2026-08-17T21:07:04,short,0.276,0.275,96.35,9,1.2376,1.285,timeout
Bybit,AKEUSDT,2026-08-17T22:39:01,2026-08-17T23:09:03,short,0.00874776,0.00879135,96.91,9,-6.269,-6.469,timeout
Bybit,LABUSDT,2026-08-18T02:31:01,2026-08-18T03:01:02,short,0.0793427,0.0779,44.08,9,6.3487,14.403,timeout
OKX,LAB/USDT:USDT,2026-08-18T02:31:06,2026-08-18T03:01:06,short,0.079300321203954,0.07774,39.24,9,6.597,16.812,ais0_2_timeout
Bybit,CYSUSDT,2026-08-18T04:12:01,2026-08-18T04:42:03,short,0.47285133,0.4732314,96.72,9,-2.6156,-2.704,timeout
Bybit,DOLOUSDT,2026-08-18T06:31:01,2026-08-18T07:01:04,short,0.02312581,0.02254277,96.02,9,19.9106,20.736,timeout
Bybit,EDENUSDT,2026-08-18T08:27:01,2026-08-18T08:57:05,short,0.05338389,0.0523617,102.83,9,16.7124,16.252,timeout
OKX,EDEN/USDT:USDT,2026-08-18T08:27:05,2026-08-18T08:57:04,short,0.053304789716154,0.052312526378363,39.9,9,6.3216,15.844,ais0_2_timeout
Bybit,ACEUSDT,2026-08-18T08:43:01,2026-08-18T09:13:05,short,0.18748356,0.19054059,101.33,9,-15.8813,-15.673,timeout
Bybit,HEMIUSDT,2026-08-18T10:16:01,2026-08-18T10:46:05,short,0.00666789,0.00661103,103.14,9,5.8833,5.704,timeout
OKX,AXTI/USDT:USDT,2026-08-18T14:43:02,2026-08-18T15:13:02,short,86.68085714285715,84.17521428571429,40.53,9,10.1795,25.116,ais0_2_timeout
OKX,ETHW/USDT:USDT,2026-08-18T15:29:03,2026-08-18T15:35:12,short,0.236161587362743,0.2472,40.94,9,-17.5906,-42.967,ais0_2_stop
Bybit,ALPINEUSDT,2026-08-18T17:19:01,2026-08-18T18:11:39,short,0.38264131,0.39685364,105.02,9,-37.2253,-35.446,stop
Bybit,JCTUSDT,2026-08-18T18:56:01,2026-08-18T19:05:26,short,0.00196566,0.00188448,92.08,9,32.4447,35.235,target
Bybit,ACEUSDT,2026-08-19T01:46:01,2026-08-19T02:01:13,short,0.23322275,0.22369097,103.51,9,37.0709,35.814,target
Bybit,JCTUSDT,2026-08-19T02:56:01,2026-08-19T03:26:04,short,0.00171914,0.00179273,115.56,9,-46.8547,-40.546,timeout
Bybit,CYSUSDT,2026-08-19T09:30:01,2026-08-19T10:00:04,short,0.52562914,0.5376901,100.22,9,-22.7037,-22.654,timeout
Bybit,PORTALUSDT,2026-08-19T11:49:01,2026-08-19T11:51:28,short,0.01082311,0.01023602,92.76,9,44.3913,47.856,target
Bybit,HEMIUSDT,2026-08-19T14:18:03,2026-08-19T14:48:06,short,0.00880707,0.00909623,106.32,9,-33.5561,-31.561,timeout
Bybit,EDENUSDT,2026-08-19T15:30:01,2026-08-19T16:00:07,short,0.05637927,0.0551768,96.11,9,16.6995,17.375,timeout
Bybit,TREEUSDT,2026-08-19T16:35:01,2026-08-19T17:05:02,short,0.0425101,0.04223505,101.79,9,4.9231,4.836,timeout
Bybit,HUSDT,2026-08-19T18:03:01,2026-08-19T18:33:04,short,0.08967145,0.08638971,103.42,9,33.0595,31.966,timeout
Bybit,REDUSDT,2026-08-19T18:06:01,2026-08-19T18:36:04,short,0.09527606,0.09511898,103.25,9,0.5107,0.495,timeout
Bybit,SCRTUSDT,2026-08-20T06:37:01,2026-08-20T07:07:03,short,0.02131366,0.02166118,114.32,9,-19.058,-16.671,timeout
Bybit,REDUSDT,2026-08-20T08:03:01,2026-08-20T08:33:03,short,0.11113651,0.11320183,108.27,9,-19.1906,-17.725,timeout
Bybit,SCRTUSDT,2026-08-20T08:24:01,2026-08-20T08:54:03,short,0.02069007,0.02064967,107.43,9,-0.2368,-0.22,timeout
Bybit,JCTUSDT,2026-08-20T10:28:01,2026-08-20T10:58:04,short,0.00205623,0.00210285,101.62,9,-22.769,-22.406,timeout
Bybit,MAGMAUSDT,2026-08-20T10:52:01,2026-08-20T11:22:05,short,0.23931605,0.24072752,101.36,9,-7.3934,-7.294,timeout
Bybit,BEATUSDT,2026-08-20T11:13:01,2026-08-20T11:43:03,short,0.13113893,0.13066417,93.9,9,1.2036,1.282,timeout
Bybit,PRLUSDT,2026-08-20T11:23:01,2026-08-20T11:53:03,short,0.29,0.29490705,91.45,9,-15.7522,-17.225,timeout
Bybit,ZEREBROUSDT,2026-08-20T12:08:02,2026-08-20T12:38:04,short,0.04406172,0.04340285,86.97,9,10.8503,12.476,timeout
Bybit,AVAAIUSDT,2026-08-20T20:59:01,2026-08-20T21:07:29,short,0.01972765,0.01895979,90.43,9,30.8013,34.061,target
Bybit,ONGUSDT,2026-08-20T21:32:01,2026-08-20T22:00:20,short,0.11028018,0.10458966,99.82,9,45.3923,45.474,target
Bybit,ONGUSDT,2026-08-21T03:19:01,2026-08-21T03:40:00,short,0.1568289,0.15059087,115.72,9,40.3039,34.829,target
Bybit,HEMIUSDT,2026-08-21T03:57:01,2026-08-21T04:27:05,short,0.01072403,0.01093237,128.86,9,-24.0954,-18.699,timeout
Bybit,ONGUSDT,2026-08-21T04:20:01,2026-08-21T04:50:04,short,0.13613693,0.13252203,128.98,9,29.5643,22.922,timeout
Bybit,ONGUSDT,2026-08-21T06:13:01,2026-08-21T06:21:16,short,0.13387797,0.1285685,131.19,9,45.5513,34.722,exchange_closed
Bybit,SPKUSDT,2026-08-21T06:21:01,2026-08-21T06:51:02,short,0.01708757,0.01713693,130.78,9,-4.6967,-3.591,timeout
OKX,SPK/USDT:USDT,2026-08-21T06:21:04,2026-08-21T06:51:03,short,0.017112,0.01712,17.29,9,-0.226,-1.307,ais0_2_timeout
Bybit,1000NEIROCTOUSDT,2026-08-21T07:06:01,2026-08-21T07:36:03,short,0.09913365,0.10438288,144.31,9,-70.2366,-48.671,timeout
OKX,NEIRO/USDT:USDT,2026-08-21T07:06:05,2026-08-21T07:36:05,short,9.8776769231e-05,0.00010415700641,17.26,9,-8.5515,-49.545,ais0_2_timeout
Bybit,ACEUSDT,2026-08-21T08:27:01,2026-08-21T08:57:03,short,0.24202553,0.23710227,121.49,9,21.0509,17.327,timeout
OKX,BOME/USDT:USDT,2026-08-21T09:06:03,2026-08-21T09:07:15,short,0.001342640366973,0.0012629,16.41,9,7.361,44.857,ais0_2_target_position_missing
Bybit,BOMEUSDT,2026-08-21T09:07:01,2026-08-21T09:07:15,short,0.00133676,0.0012635,128.24,9,62.0166,48.36,target
Bybit,ENAUSDT,2026-08-21T09:07:03,2026-08-21T09:37:05,short,0.13296292,0.13825969,127.6,9,-47.0366,-36.863,timeout
OKX,ENA/USDT:USDT,2026-08-21T09:07:04,2026-08-21T09:37:03,short,0.132972072072072,0.138115855855856,16.53,9,-5.8601,-35.451,ais0_2_timeout
Bybit,ONGUSDT,2026-08-21T09:08:01,2026-08-21T09:38:03,short,0.08517151,0.08857848,148.24,9,-54.8635,-37.01,timeout
OKX,PEOPLE/USDT:USDT,2026-08-21T09:14:02,2026-08-21T09:44:02,short,0.011658930769231,0.0121359,17.01,9,-6.3553,-37.362,ais0_2_timeout
Bybit,GALAUSDT,2026-08-21T09:18:02,2026-08-21T09:48:06,short,0.00178028,0.00186131,123.3,9,-51.7534,-41.974,timeout
OKX,GALA/USDT:USDT,2026-08-21T09:19:04,2026-08-21T09:49:04,short,0.00178,0.001863,17.66,9,-7.5907,-42.982,ais0_2_timeout
Bybit,AVAAIUSDT,2026-08-21T09:47:03,2026-08-21T10:14:39,short,0.00928864,0.00880578,114.66,9,52.54,45.822,target
Bybit,HEMIUSDT,2026-08-21T12:40:02,2026-08-21T12:40:30,short,0.01466092,0.01428726,115.63,9,24.2634,20.984,target
Bybit,SCRTUSDT,2026-08-21T13:45:01,2026-08-21T14:15:05,short,0.02367246,0.02295375,122.11,9,30.9847,25.374,timeout
Bybit,ZORAUSDT,2026-08-21T14:49:01,2026-08-21T15:19:04,short,0.00671606,0.00680295,133.44,9,-16.8659,-12.639,timeout
Bybit,BEATUSDT,2026-08-21T16:51:01,2026-08-21T17:10:30,short,0.17535851,0.16839503,128.32,9,43.3711,33.799,target
OKX,BEAT/USDT:USDT,2026-08-21T16:51:05,2026-08-21T17:10:41,short,0.1735,0.1685,15.16,9,4.543,29.967,exchange_closed
Bybit,MAGMAUSDT,2026-08-21T17:17:01,2026-08-21T17:47:04,short,0.26166195,0.26215799,142.49,9,-5.2551,-3.688,timeout
Bybit,BLESSUSDT,2026-08-21T18:49:02,2026-08-21T19:19:04,short,0.00923608,0.00941176,140.59,9,-26.8788,-19.119,timeout
Bybit,CHILLGUYUSDT,2026-08-21T19:04:01,2026-08-21T19:34:05,short,0.0126641,0.0125663,139.94,9,8.3463,5.964,timeout
Bybit,B3USDT,2026-08-21T19:34:01,2026-08-21T20:04:02,short,0.00050892,0.0005039,131.26,9,8.0642,6.144,timeout
Bybit,COTIUSDT,2026-08-21T20:43:01,2026-08-21T21:13:03,short,0.01188826,0.01178015,137.18,9,9.8766,7.2,timeout
Bybit,ROBOUSDT,2026-08-21T21:19:01,2026-08-21T21:19:28,short,0.01703742,0.01636136,139.65,9,48.5185,34.743,target
OKX,ROBO/USDT:USDT,2026-08-21T21:20:04,2026-08-21T21:20:11,short,0.014846284501062,0.01485,78.09,9,25.784,33.018,exchange_closed
OKX,OL/USDT:USDT,2026-08-21T22:05:04,2026-08-21T22:08:07,short,0.004493019812879,0.004727,90.99,9,-39.55,-43.466,ais0_2_stop_position_missing
OKX,BEAT/USDT:USDT,2026-08-22T01:19:06,2026-08-22T01:49:05,short,0.169654306722689,0.17179212184874,71.21,9,-8.7909,-12.345,ais0_2_timeout
Bybit,OUSDT,2026-08-22T02:29:01,2026-08-22T02:40:54,short,0.52131486,0.49918233,156.28,9,56.685,36.271,target
Bybit,SCRTUSDT,2026-08-22T04:16:01,2026-08-22T04:46:04,short,0.02066226,0.02057219,105.33,9,2.0514,1.948,timeout
Bybit,XVGUSDT,2026-08-22T05:10:01,2026-08-22T05:11:14,short,0.00260359,0.00246764,105.62,9,48.6176,46.031,target
OKX,MOVE/USDT:USDT,2026-08-22T05:10:03,2026-08-22T05:10:56,short,0.008444,0.008444,66.82,9,34.4108,51.498,ais0_2_target_position_missing
Bybit,MOVEUSDT,2026-08-22T05:10:03,2026-08-22T05:10:22,short,0.00846762,0.0080974,105.96,9,40.6703,38.383,target
Bybit,CROUSDT,2026-08-22T05:10:05,2026-08-22T05:10:59,short,0.06464175,0.0620829,105.64,9,36.6105,34.656,target
Bybit,TRUMPUSDT,2026-08-22T05:11:02,2026-08-22T05:12:01,short,2.66129862,2.83955183,121.8,9,-74.6687,-61.304,stop
OKX,BEAT/USDT:USDT,2026-08-22T05:11:03,2026-08-22T05:11:18,short,0.153701170534814,0.1435,84.02,9,47.8275,56.924,ais0_2_target_position_missing
Bybit,MELANIAUSDT,2026-08-22T05:11:03,2026-08-22T05:14:18,short,0.12771186,0.13556303,120.62,9,-67.965,-56.346,stop
Bybit,MAGMAUSDT,2026-08-22T05:12:01,2026-08-22T05:12:44,short,0.2927666,0.31226742,115.51,9,-71.6107,-61.995,stop
Bybit,BEATUSDT,2026-08-22T05:12:03,2026-08-22T05:12:35,short,0.13692317,0.14660528,103.85,9,-68.219,-65.69,stop
Bybit,ZAMAUSDT,2026-08-22T05:12:04,2026-08-22T05:12:30,short,0.05003133,0.05310943,115.76,9,-65.2798,-56.392,stop
Bybit,APRUSDT,2026-08-22T05:12:06,2026-08-22T05:12:57,short,0.2158019,0.2288,56.66,9,-31.8702,-56.248,stop
OKX,ZAMA/USDT:USDT,2026-08-22T05:12:07,2026-08-22T05:12:23,short,0.04966287839918,0.05284,107.94,9,-68.7505,-63.693,ais0_2_stop_position_missing
Bybit,WLFIUSDT,2026-08-22T05:13:07,2026-08-22T05:16:50,short,0.06314253,0.06025992,114.22,9,45.824,40.119,target
OKX,SAND/USDT:USDT,2026-08-22T06:06:02,2026-08-22T06:36:02,short,0.044737047747142,0.045888096839274,73.56,9,-17.7899,-24.184,ais0_2_timeout
Bybit,MELANIAUSDT,2026-08-22T06:06:02,2026-08-22T06:36:03,short,0.12091194,0.11970169,107.15,9,8.5972,8.024,timeout
Bybit,SANDUSDT,2026-08-22T06:06:04,2026-08-22T06:36:07,short,0.04466004,0.04593422,106.83,9,-28.5044,-26.682,timeout
Bybit,USUALUSDT,2026-08-22T06:18:02,2026-08-22T06:48:06,short,0.01243859,0.01263853,82.35,9,-12.7346,-15.464,timeout
Bybit,FHEUSDT,2026-08-22T07:17:02,2026-08-22T07:47:03,short,0.0227265,0.0235219,143.83,9,-48.2031,-33.514,timeout
Bybit,JCTUSDT,2026-08-22T08:28:01,2026-08-22T08:32:20,short,0.00224209,0.00213461,119.98,9,49.4449,41.211,target
Bybit,ZAMAUSDT,2026-08-22T08:31:01,2026-08-22T08:51:37,short,0.05682021,0.05254,106.34,9,71.0827,66.845,target
OKX,ZAMA/USDT:USDT,2026-08-22T08:31:03,2026-08-22T08:50:53,short,0.057092142857143,0.05327,64.67,9,42.5772,65.838,exchange_closed
Bybit,PORTALUSDT,2026-08-22T11:14:01,2026-08-22T11:44:04,short,0.01285845,0.01302793,120.1,9,-15.443,-12.858,target
Bybit,ACEUSDT,2026-08-22T12:02:01,2026-08-22T12:09:43,short,0.26161239,0.25025667,115.22,9,43.8959,38.097,target
Bybit,PORTALUSDT,2026-08-22T12:05:01,2026-08-22T12:35:04,short,0.01278972,0.0128828,114.7,9,-8.652,-7.543,timeout
Bybit,MAGMAUSDT,2026-08-22T12:57:03,2026-08-22T13:27:05,short,0.3093093,0.31420039,125.96,9,-20.4395,-16.227,stop
Bybit,POWRUSDT,2026-08-22T13:26:01,2026-08-22T13:56:03,short,0.04490775,0.04519237,126.3,9,-8.4585,-6.697,timeout
Bybit,CTCUSDT,2026-08-22T14:41:01,2026-08-22T15:11:03,short,0.08928671,0.09258695,117.09,9,-40.1334,-34.276,timeout
Bybit,POWERUSDT,2026-08-22T22:03:01,2026-08-22T22:33:02,short,0.07974891,0.08043203,103.78,9,-10.0643,-9.698,timeout
Bybit,B3USDT,2026-08-23T00:45:01,2026-08-23T00:51:51,short,0.00049331,0.00047296,100.45,9,36.3213,36.159,target
OKX,MOVE/USDT:USDT,2026-08-23T01:12:04,2026-08-23T01:42:05,short,0.007976752760293,0.007887513982045,85.95,9,7.8794,9.168,ais0_2_timeout
Bybit,MOVEUSDT,2026-08-23T01:25:01,2026-08-23T01:55:04,short,0.00797,0.00784564,112.79,9,14.7317,13.061,timeout
Bybit,KAIAUSDT,2026-08-23T02:03:01,2026-08-23T02:33:05,short,0.03180414,0.03205578,117.64,9,-9.5462,-8.115,timeout
Bybit,MAGMAUSDT,2026-08-23T08:07:01,2026-08-23T08:37:03,short,0.23562608,0.23875478,114.23,9,-15.9272,-13.943,timeout
Bybit,TRUMPUSDT,2026-08-23T14:43:01,2026-08-23T15:13:04,short,2.612,2.732,109.62,9,-46.4341,-42.359,timeout
OKX,TRUMP/USDT:USDT,2026-08-23T14:43:04,2026-08-23T14:55:14,short,2.64,2.751,89.89,9,-41.5234,-46.194,exchange_closed
Bybit,USUSDT,2026-08-24T06:31:01,2026-08-24T06:46:56,short,0.01693163,0.01798628,140.44,9,-81.5967,-58.101,stop
Bybit,SCRTUSDT,2026-08-24T06:54:01,2026-08-24T07:24:04,short,0.01914125,0.01861481,99.51,9,22.6881,22.8,timeout
OKX,NES/USDT:USDT,2026-08-24T15:52:04,2026-08-24T15:52:28,short,0.125285912698413,0.129,69.13,9,-21.727,-31.429,ais0_2_stop_position_missing
OKX,NES/USDT:USDT,2026-08-24T17:39:04,2026-08-24T17:39:49,short,0.124902631578948,0.1221,58.27,9,24.9997,42.903,exchange_closed
Bybit,CASHCATUSDT,2026-08-25T01:55:01,2026-08-25T02:18:43,short,0.20457382,0.21393845,111.15,9,-48.0442,-43.225,stop
Bybit,HEMIUSDT,2026-08-25T04:23:01,2026-08-25T04:53:02,short,0.00735569,0.00731053,87.21,9,3.0983,3.553,timeout
Bybit,PORTALUSDT,2026-08-25T05:04:01,2026-08-25T05:34:03,short,0.01636473,0.01611856,88.65,9,11.1305,12.556,timeout
Bybit,STXUSDT,2026-08-25T07:52:01,2026-08-25T08:22:05,short,0.26682409,0.2695976,94.37,9,-9.7416,-10.323,timeout
OKX,STX/USDT:USDT,2026-08-25T07:52:08,2026-08-25T08:22:05,short,0.2664,0.269743108504399,70.77,9,-8.8548,-12.512,ais0_2_timeout
Bybit,STORJUSDT,2026-08-25T08:16:01,2026-08-25T08:46:04,short,0.0473185,0.04954106,76.88,9,-33.2778,-43.285,timeout
Bybit,PUNDIXUSDT,2026-08-25T12:03:01,2026-08-25T12:33:03,short,0.09084676,0.08982209,72.79,9,6.6724,9.167,timeout
Bybit,SQDUSDT,2026-08-25T13:18:01,2026-08-25T13:48:04,short,0.03384203,0.03374366,76.08,9,1.2382,1.628,timeout
Bybit,ZROUSDT,2026-08-25T13:56:01,2026-08-25T14:10:25,short,1.1597419,1.23952513,76.79,9,-48.3292,-62.937,stop
OKX,ZRO/USDT:USDT,2026-08-25T13:59:04,2026-08-25T14:09:23,short,1.16008346303502,1.2272,66.34,9,-36.0714,-54.374,exchange_closed
Bybit,CASHCATUSDT,2026-08-25T16:31:01,2026-08-25T16:42:54,short,0.20255725,0.19409601,52.44,9,18.6981,35.656,stop
Bybit,BTWUSDT,2026-08-25T17:10:01,2026-08-25T17:15:41,short,0.42019265,0.39609902,61.63,9,31.211,50.642,target
Bybit,BTWUSDT,2026-08-25T18:02:01,2026-08-25T18:09:42,short,0.37133636,0.38742316,77.16,9,-30.8627,-39.998,stop
Bybit,CASHCATUSDT,2026-08-25T19:39:01,2026-08-25T20:09:03,short,0.19911064,0.20376766,62.17,9,-13.8774,-22.322,timeout
Bybit,EULUSDT,2026-08-26T04:39:01,2026-08-26T04:40:09,short,1.38153768,1.32443357,55.15,9,19.9828,36.233,target
Bybit,BTRUSDT,2026-08-26T07:18:02,2026-08-26T07:23:51,short,0.07593422,0.08055572,65.21,9,-37.05,-56.816,stop
Bybit,PORTALUSDT,2026-08-26T08:18:08,2026-08-26T08:48:09,short,0.01716075,0.01741077,86.93,9,-12.2651,-14.109,timeout
Bybit,FFUSDT,2026-08-26T08:49:07,2026-08-26T08:59:51,short,0.08480709,0.08996496,75.69,9,-42.2001,-55.754,stop
OKX,BICO/USDT:USDT,2026-08-26T15:53:04,2026-08-26T16:23:04,short,0.02372,0.02346,48.31,9,0.9649,1.997,ais0_2_timeout
OKX,GAS/USDT:USDT,2026-08-27T01:03:04,2026-08-27T01:33:04,short,1.383825632911393,1.437632911392405,48.79,9,-17.4489,-35.763,ais0_2_timeout
OKX,MVLL/USDT:USDT,2026-08-27T21:08:05,2026-08-27T21:12:02,short,29.596694214876035,28.37,40.06,9,13.4578,33.594,exchange_closed
OKX,ENA/USDT:USDT,2026-08-28T02:39:04,2026-08-28T03:09:03,short,0.17345,0.16632132231405,46.79,9,16.8403,35.991,ais0_2_timeout
Bybit,BTRUSDT,2026-08-30T01:26:04,2026-08-30T01:27:43,short,0.17924,0.17633248,74.5,9,9.8832,13.266,target
Bybit,NIULAIUSDT,2026-08-30T04:22:04,2026-08-30T04:26:15,short,0.08228,0.08098704,79.45,9,10.1757,12.808,target
Bybit,ZKCUSDT,2026-08-30T04:51:14,2026-08-30T05:21:18,short,0.04398,0.04410452,84.52,9,-2.7253,-3.225,timeout
Bybit,NIULAIUSDT,2026-08-30T10:03:46,2026-08-30T10:33:48,short,0.08821,0.09179538,83.11,9,-31.5595,-37.973,target
Bybit,AUCTIONUSDT,2026-08-30T11:07:21,2026-08-30T11:32:08,short,3.593,3.825,67.39,9,-39.638,-58.819,stop
Bybit,MAGICUSDT,2026-08-30T11:54:09,2026-08-30T12:03:20,short,0.05084,0.05022164,81.48,9,7.0939,8.706,target
Bybit,ORCAUSDT,2026-08-30T15:21:35,2026-08-30T15:51:37,short,1.3353,1.33507699,51.11,9,-0.2681,-0.525,timeout
Bybit,PTBUSDT,2026-08-30T20:19:10,2026-08-30T20:40:44,short,0.0007799,0.000762,4.73,9,0.9137,19.317,target
Bybit,ZORAUSDT,2026-08-30T21:43:02,2026-08-30T22:13:03,short,0.00783956,0.00814431,51.37,9,-18.4893,-35.992,timeout
Bybit,MAGMAUSDT,2026-08-30T22:23:02,2026-08-30T22:53:07,short,0.35650838,0.36314551,78.43,9,-14.7089,-18.754,timeout
Bybit,USELESSUSDT,2026-08-30T23:46:02,2026-08-31T00:13:48,short,0.06567462,0.06901572,64.79,9,-30.9509,-47.771,stop
Bybit,NIULAIUSDT,2026-08-31T06:16:02,2026-08-31T06:46:04,short,0.12116,0.1261,9.96,9,-3.8569,-38.724,timeout
Bybit,BTRUSDT,2026-08-31T06:31:02,2026-08-31T06:31:41,short,0.1371,0.13136,10.01,9,3.5772,35.736,target
Bybit,SKRUSDT,2026-08-31T07:03:02,2026-08-31T07:33:05,short,0.0254111,0.02597,9.91,9,-2.0609,-20.797,timeout
Bybit,HNTUSDT,2026-08-31T08:08:02,2026-08-31T08:19:24,short,0.76922025,0.7355,9.99,9,3.8428,38.467,target
Bybit,CYSUSDT,2026-08-31T09:19:02,2026-08-31T09:21:07,short,0.91560515,0.96167526,9.87,9,-4.6691,-47.306,stop
Bybit,ZORAUSDT,2026-08-31T09:37:02,2026-08-31T10:07:04,short,0.009468,0.00926,10.02,9,1.8821,18.783,timeout
Bybit,HEMIUSDT,2026-08-31T10:08:02,2026-08-31T10:38:05,short,0.01512247,0.015023,10.0,9,0.3946,3.946,timeout
Bybit,CYSUSDT,2026-08-31T10:32:02,2026-08-31T10:36:38,short,0.91275306,0.9576,9.94,9,-4.5966,-46.244,stop
Bybit,FLOCKUSDT,2026-08-31T11:18:02,2026-08-31T11:48:06,short,0.03979,0.03849,9.99,9,2.7422,27.449,timeout
Bybit,AXLUSDT,2026-08-31T11:46:02,2026-08-31T12:02:07,short,0.04891,0.04665097,9.99,9,3.9264,39.303,target
Bybit,AXLUSDT,2026-08-31T12:39:02,2026-08-31T13:09:03,short,0.0458176,0.04479427,10.0,9,1.912,19.12,timeout
Bybit,0GUSDT,2026-08-31T12:43:02,2026-08-31T13:13:04,short,0.2054,0.2114,9.99,9,-2.7265,-27.293,timeout
Bybit,PONSUSDT,2026-08-31T15:42:02,2026-08-31T15:47:52,short,0.41018394,0.39569221,9.94,9,3.0626,30.811,target
Bybit,HNTUSDT,2026-08-31T16:12:02,2026-08-31T16:42:05,short,0.6526,0.6587,9.99,9,-0.9398,-9.408,timeout
Bybit,ESPORTSUSDT,2026-08-31T17:15:02,2026-08-31T17:45:04,short,0.0166864,0.01677,10.0,9,-0.6492,-6.492,timeout
Bybit,SKRUSDT,2026-08-31T18:11:02,2026-08-31T18:41:05,short,0.02808119,0.028515,9.98,9,-1.4878,-14.908,timeout
Bybit,ZORAUSDT,2026-08-31T20:02:03,2026-08-31T20:32:07,short,0.0093825,0.00920381,9.96,9,1.6089,16.153,timeout
Bybit,PONSUSDT,2026-09-01T00:09:02,2026-09-01T00:13:51,short,0.3814617,0.40472256,9.96,9,-5.5679,-55.903,exchange_closed
Bybit,ZKCUSDT,2026-09-01T00:40:02,2026-09-01T01:10:05,short,0.05218979,0.05218,9.99,9,-0.2334,-2.337,timeout
Bybit,CLOUSDT,2026-09-01T03:16:02,2026-09-01T03:46:03,short,0.13834,0.13983093,9.99,9,-1.168,-11.692,timeout
Bybit,CYSUSDT,2026-09-01T03:34:02,2026-09-01T04:04:05,short,0.51809249,0.51332428,9.96,9,0.6331,6.357,stop
Bybit,BTRUSDT,2026-09-01T05:39:02,2026-09-01T05:48:15,short,0.17955,0.19102055,9.92,9,-5.9035,-59.511,stop
Bybit,SOMIUSDT,2026-09-01T07:18:02,2026-09-01T07:48:03,short,0.12823046,0.12539,9.99,9,1.8931,18.95,timeout
Bybit,BTRUSDT,2026-09-01T09:04:02,2026-09-01T09:07:38,short,0.13075,0.12374785,9.89,9,4.5778,46.287,target
Bybit,BTRUSDT,2026-09-01T09:37:02,2026-09-01T09:47:29,short,0.11393,0.12107,9.96,9,-5.8226,-58.46,stop
Bybit,ONGUSDT,2026-09-01T11:40:02,2026-09-01T12:10:04,short,0.11262554,0.11347,9.99,9,-1.2961,-12.974,timeout
Bybit,ACEUSDT,2026-09-01T12:49:02,2026-09-01T13:01:09,short,0.17275397,0.18438586,10.0,9,-6.1637,-61.637,stop
Bybit,TMXUSDT,2026-09-01T14:11:02,2026-09-01T14:11:51,short,0.1063,0.1127,10.0,9,-5.6248,-56.248,stop
Bybit,HEMIUSDT,2026-09-03T07:15:02,2026-09-03T07:35:12,short,0.017677,0.01881,4.98,2,-0.6605,-13.263,stop
Bybit,USELESSUSDT,2026-09-03T07:57:02,2026-09-03T08:27:05,short,0.14487,0.14544479,5.0,2,-0.0612,-1.224,timeout
Bybit,HNTUSDT,2026-09-03T08:09:02,2026-09-03T08:39:05,short,0.5124,0.5078,4.99,2,0.0787,1.578,timeout
Bybit,MARSCOINUSDT,2026-09-03T08:45:02,2026-09-03T09:12:15,short,0.09903,0.105,4.95,2,-0.6194,-12.514,stop
Bybit,UAIUSDT,2026-09-03T08:52:02,2026-09-03T09:13:34,short,0.368,0.3904,4.97,2,-0.6273,-12.622,stop
Bybit,MARSCOINUSDT,2026-09-03T09:26:02,2026-09-03T09:56:06,short,0.09626,0.09894,4.81,2,-0.2895,-6.018,stop
Bybit,FFUSDT,2026-09-03T10:38:02,2026-09-03T11:03:29,short,0.10584,0.1011,4.97,2,0.4349,8.75,target
Bybit,SPKUSDT,2026-09-03T11:54:02,2026-09-03T12:24:05,short,0.02175,0.02198,4.89,2,-0.117,-2.392,timeout
Bybit,MARSCOINUSDT,2026-09-03T12:31:02,2026-09-03T12:40:25,short,0.10315778,0.10962,4.64,2,-0.6027,-12.989,stop
Bybit,CATIUSDT,2026-09-03T13:49:02,2026-09-03T13:49:18,short,0.05796,0.06153,4.98,2,-0.6253,-12.557,stop
Bybit,APRUSDT,2026-09-03T14:36:02,2026-09-03T15:06:04,short,0.2327,0.2273,4.89,2,0.2055,4.203,timeout
Bybit,MARSCOINUSDT,2026-09-03T14:52:02,2026-09-03T15:04:37,short,0.1068,0.1134,4.81,2,-0.6158,-12.803,stop
Bybit,PORTALUSDT,2026-09-03T15:17:02,2026-09-03T15:47:06,short,0.015209,0.01532947,4.99,2,-0.0901,-1.806,timeout
Bybit,NIULAIUSDT,2026-09-03T15:51:02,2026-09-03T16:21:04,short,0.08898182,0.08857,4.89,2,0.0306,0.627,timeout
Bybit,EDGEUSDT,2026-09-03T16:40:02,2026-09-03T17:08:09,short,0.6255,0.5975,4.69,2,0.4099,8.74,target
Bybit,APRUSDT,2026-09-03T16:52:02,2026-09-03T17:06:31,short,0.245,0.2285,4.9,2,0.6392,13.044,target
Bybit,USELESSUSDT,2026-09-03T17:36:02,2026-09-03T18:06:03,short,0.18727,0.18679,4.96,2,0.0036,0.073,timeout
Bybit,AKEUSDT,2026-09-03T18:42:02,2026-09-03T18:42:42,short,0.015189,0.01394,4.56,2,0.7302,16.013,target
Bybit,MUBARAKUSDT,2026-09-03T19:17:02,2026-09-03T19:47:03,short,0.030019,0.030757,5.0,2,-0.2569,-5.138,timeout
Bybit,HNTUSDT,2026-09-03T20:46:02,2026-09-03T20:54:11,short,0.64470148,0.6772,5.0,2,-0.515,-10.3,stop
Bybit,PONSUSDT,2026-09-03T23:52:02,2026-09-04T00:07:17,short,0.6852,0.7265,4.8,2,-0.5886,-12.262,stop
Bybit,HNTUSDT,2026-09-04T00:39:02,2026-09-04T01:09:03,short,0.6579374,0.6679,4.99,2,-0.1621,-3.248,stop
Bybit,CLOUSDT,2026-09-04T00:44:02,2026-09-04T01:11:11,short,0.13975,0.13273,4.96,2,0.4771,9.62,target
Bybit,NIULAIUSDT,2026-09-04T02:35:02,2026-09-04T03:05:04,short,0.09312,0.09584,4.66,2,-0.2928,-6.283,timeout
Bybit,PONSUSDT,2026-09-04T02:41:02,2026-09-04T03:11:04,short,0.6675,0.6829,4.67,2,-0.226,-4.839,timeout
Bybit,CAPUSDT,2026-09-04T04:05:02,2026-09-04T04:35:03,short,0.04699,0.04769,4.93,2,-0.1689,-3.425,timeout
Bybit,MAGMAUSDT,2026-09-04T04:13:02,2026-09-04T04:25:23,short,0.2678,0.2571,4.95,2,0.3745,7.566,target
Bybit,TRIAUSDT,2026-09-04T04:30:02,2026-09-04T04:31:14,short,0.004575,0.00439,4.99,2,0.3818,7.651,target
Bybit,QUSDT,2026-09-04T04:40:02,2026-09-04T05:10:06,short,0.0243,0.02424,4.98,2,0.0027,0.054,timeout
Bybit,SKRUSDT,2026-09-04T05:13:02,2026-09-04T05:43:04,short,0.019717,0.019714,4.93,2,-0.0093,-0.19,timeout
Bybit,BTRUSDT,2026-09-04T05:21:02,2026-09-04T05:51:04,short,0.05139,0.05376,4.98,2,-0.4822,-9.683,timeout
Bybit,ZKCUSDT,2026-09-04T09:05:02,2026-09-04T09:35:04,short,0.04929,0.04917,5.0,2,0.0134,0.267,timeout
Bybit,ZESTUSDT,2026-09-04T09:19:02,2026-09-04T09:40:36,short,0.1465,0.1415,4.98,2,0.3185,6.395,target
Bybit,USELESSUSDT,2026-09-04T10:17:02,2026-09-04T10:19:10,short,0.25481,0.24377,4.97,2,0.4092,8.233,target
Bybit,TRIAUSDT,2026-09-04T12:32:02,2026-09-04T13:02:05,short,0.004653,0.004661,4.98,2,-0.039,-0.784,timeout
Bybit,PONSUSDT,2026-09-04T12:56:02,2026-09-04T13:19:03,short,0.6642,0.7043,4.98,2,-0.6128,-12.305,stop
Bybit,MARSCOINUSDT,2026-09-04T13:02:09,2026-09-04T13:03:27,short,0.18299,0.17631,4.57,2,0.3142,6.876,target
Bybit,PTBUSDT,2026-09-04T13:53:02,2026-09-04T14:23:06,short,0.0007357,0.0007602,4.97,2,-0.3535,-7.112,timeout
Bybit,PONSUSDT,2026-09-04T15:05:02,2026-09-04T15:35:04,short,0.7028,0.74164286,4.92,2,-0.5549,-11.279,timeout
Bybit,AZTECUSDT,2026-09-04T15:14:02,2026-09-04T15:44:03,short,0.01646,0.01607,4.94,2,0.2125,4.302,timeout
Bybit,PORTALUSDT,2026-09-04T16:20:02,2026-09-04T16:50:05,short,0.01767,0.017801,4.99,2,-0.085,-1.704,timeout
Bybit,ZORAUSDT,2026-09-04T16:33:02,2026-09-04T17:03:03,short,0.008925,0.00902937,5.0,2,-0.128,-2.559,timeout
Bybit,UAIUSDT,2026-09-04T17:12:02,2026-09-04T17:42:04,short,0.4559,0.452,4.79,2,0.0609,1.272,timeout
Bybit,QUSDT,2026-09-04T17:54:02,2026-09-04T18:24:05,short,0.02608,0.02637,4.96,2,-0.1321,-2.664,timeout
Bybit,FLOCKUSDT,2026-09-04T18:37:02,2026-09-04T19:07:05,short,0.05479,0.05532,4.99,2,-0.1185,-2.375,timeout
Bybit,ICXUSDT,2026-09-05T00:05:02,2026-09-05T00:14:03,short,0.01325,0.01408,4.99,2,-0.6363,-12.752,stop
Bybit,PONSUSDT,2026-09-05T00:15:02,2026-09-05T00:44:14,short,0.6953,0.66737143,4.87,2,0.3805,7.813,target
Bybit,NOMUSDT,2026-09-05T03:37:02,2026-09-05T04:07:06,short,0.001929,0.002013,4.99,2,-0.6548,-13.122,timeout
Bybit,AKEUSDT,2026-09-05T04:24:02,2026-09-05T04:27:37,short,0.0181266,0.019358,4.53,2,-0.6363,-14.047,target
Bybit,NOMUSDT,2026-09-05T04:28:02,2026-09-05T04:31:19,short,0.001815,0.001745,4.95,2,0.3715,7.505,target
Bybit,CLOUSDT,2026-09-05T04:47:05,2026-09-05T05:17:09,short,0.12015,0.11981916,4.99,2,0.0056,0.111,timeout
Bybit,AKEUSDT,2026-09-05T04:54:07,2026-09-05T04:55:39,short,0.017587,0.016828,4.4,2,0.3606,8.195,target
Bybit,MAGMAUSDT,2026-09-05T07:24:02,2026-09-05T07:53:06,short,0.2396,0.2286,4.91,2,0.4299,8.755,target
Bybit,NOMUSDT,2026-09-05T08:45:02,2026-09-05T09:15:05,short,0.001768,0.001826,4.99,2,-0.3387,-6.788,target
Bybit,EDGEUSDT,2026-09-05T12:35:02,2026-09-05T13:05:05,short,0.6218,0.6369,4.97,2,-0.2527,-5.084,timeout
Bybit,AKEUSDT,2026-09-05T14:27:02,2026-09-05T14:37:09,short,0.019153,0.018326,4.79,2,0.3929,8.202,target
Bybit,1000CATUSDT,2026-09-05T17:40:02,2026-09-05T18:10:04,short,0.002643,0.002674,4.99,2,-0.1281,-2.567,timeout
Bybit,MUBARAKUSDT,2026-09-05T18:06:02,2026-09-05T18:36:05,short,0.034535,0.034145,4.99,2,0.1018,2.04,timeout
Bybit,NIULAIUSDT,2026-09-05T18:31:02,2026-09-05T19:01:05,short,0.12657,0.12869143,4.43,2,-0.1682,-3.796,timeout
Bybit,GOATUSDT,2026-09-05T19:04:04,2026-09-05T19:34:06,short,0.01608,0.01605,4.99,2,0.0077,0.153,timeout
Bybit,MAGMAUSDT,2026-09-05T20:14:02,2026-09-05T20:44:04,short,0.2598,0.2592,4.94,2,0.0011,0.022,timeout
Bybit,SUSHIUSDT,2026-09-05T20:22:02,2026-09-05T20:52:06,short,0.2601,0.265,4.98,2,-0.1987,-3.991,timeout
Bybit,UAIUSDT,2026-09-05T22:28:02,2026-09-05T22:34:39,short,0.5281,0.5008,4.75,2,0.471,9.916,target
Bybit,WOOUSDT,2026-09-06T02:14:02,2026-09-06T02:44:05,short,0.01229,0.0121,4.96,2,0.1424,2.871,timeout
Bybit,PONSUSDT,2026-09-06T02:53:02,2026-09-06T03:23:03,short,0.8694,0.9112,4.78,2,-0.4706,-9.845,timeout
Bybit,QUSDT,2026-09-06T03:19:02,2026-09-06T03:49:05,short,0.02723,0.02731,4.9,2,-0.0504,-1.029,timeout
Bybit,UAIUSDT,2026-09-06T03:49:02,2026-09-06T04:02:24,short,0.6168,0.5914,4.93,2,0.3863,7.837,target
Bybit,UAIUSDT,2026-09-06T06:16:02,2026-09-06T06:46:04,short,0.5366,0.5507,4.83,2,-0.2753,-5.7,timeout
Bybit,EPICUSDT,2026-09-06T06:31:02,2026-09-06T06:32:12,short,0.4368,0.4168,4.8,2,0.4193,8.736,target
Bybit,ZENUSDT,2026-09-06T07:14:02,2026-09-06T07:44:05,short,7.252,7.191,4.71,2,0.069,1.464,timeout
Bybit,MAGMAUSDT,2026-09-06T09:02:02,2026-09-06T09:32:05,short,0.2539,0.2525,4.95,2,0.0329,0.664,timeout
Bybit,TIAUSDT,2026-09-07T00:59:02,2026-09-07T01:29:06,short,0.4396,0.436,4.99,2,0.0708,1.419,timeout
Bybit,METISUSDT,2026-09-07T01:09:02,2026-09-07T01:20:14,short,3.564,3.415,4.97,2,0.405,8.149,target
Bybit,AKEUSDT,2026-09-07T06:39:03,2026-09-07T07:09:07,short,0.01437,0.014888,4.31,2,-0.3301,-7.659,timeout
Bybit,HANAUSDT,2026-09-07T06:53:02,2026-09-07T07:23:03,short,0.01937,0.01909,4.94,2,0.1212,2.454,timeout
Bybit,PHAROSUSDT,2026-09-07T08:02:02,2026-09-07T08:32:05,short,0.4494,0.4654,4.94,2,-0.3741,-7.574,timeout
Bybit,BLUAIUSDT,2026-09-07T11:05:02,2026-09-07T11:05:45,short,0.009596,0.010089,4.94,2,-0.5301,-10.731,stop
Bybit,BLUAIUSDT,2026-09-07T12:09:02,2026-09-07T12:39:05,short,0.009657,0.009649,4.97,2,-0.0136,-0.274,timeout
Bybit,METUSDT,2026-09-07T13:38:02,2026-09-07T14:08:06,short,0.2085,0.2036,4.99,2,0.2239,4.486,timeout
Bybit,IOSTUSDT,2026-09-07T15:21:02,2026-09-07T15:51:04,short,0.0008817,0.00088917,5.0,2,-0.0957,-1.915,timeout
Bybit,AKEUSDT,2026-09-07T21:28:02,2026-09-07T21:41:26,short,0.0168884,0.017963,4.22,2,-0.5565,-13.187,stop
Bybit,SOPHUSDT,2026-09-08T05:37:04,2026-09-08T05:39:41,short,0.01010398,0.009745,4.95,2,0.3411,6.891,target
Bybit,FORMUSDT,2026-09-08T05:41:02,2026-09-08T05:57:08,short,0.3072,0.3256,4.92,2,-0.5999,-12.194,stop
Bybit,IOSTUSDT,2026-09-08T05:44:08,2026-09-08T06:14:09,short,0.0010725,0.0010842,5.0,2,-0.12,-2.401,timeout
Bybit,SOPHUSDT,2026-09-08T06:19:02,2026-09-08T06:46:23,short,0.009837,0.010457,4.97,2,-0.6375,-12.826,stop
